,icon,Trip ID,precipIntensity,precipProbability,temperature,apparentTemperature,windSpeed,Trip Seconds,Trip Miles,Fare,Trip Total
0,clear-day,1128,1.8882978723404252e-05,0.0030053191489361705,50.51987588652477,48.991843971631205,3.4536613475177296,854.9521276595744,3.183546099290783,13.342517730496464,15.557836879432626
1,clear-night,1152,1.6493055555555555e-06,0.00021701388888888888,44.31954861111106,43.149574652777694,2.101258680555556,841.3370981754996,2.8410677083333287,12.621840277777785,14.835225694444464
2,cloudy,1709,0.00023001755412521962,0.02981275599765947,41.8206963136337,39.15149210064366,4.452890579286121,745.2747510251904,2.87742539496782,11.652539496781733,13.719022820362769
3,fog,198,0.00014545454545454548,0.020151515151515153,39.469444444444434,37.05373737373739,3.3281313131313115,806.6666666666666,2.7117171717171726,11.81904040404041,13.621010101010105
4,partly-cloudy-day,2027,7.710902812037496e-05,0.008273310310804142,54.77542180562411,53.638228909718876,3.9327232363098235,719.741362290227,2.901711889491862,11.836906758756788,13.82851504686729
5,partly-cloudy-night,1032,4.97093023255814e-05,0.0057558139534883744,49.113740310077524,47.96092054263567,2.790455426356589,809.2403100775193,2.6476162790697675,12.248846899224816,14.237325581395359
6,rain,571,0.03466234676007003,0.7433274956217162,54.75087565674263,53.82672504378286,3.9685814360770575,785.3975481611209,3.8035551663747755,12.244080560420302,14.305744308231162
7,snow,25,0.006835999999999998,0.4888,33.24199999999999,29.6532,4.8824,564.0,1.5448,8.2716,9.311599999999999
