temp range,Trip ID,precipIntensity,precipProbability,temperature,apparentTemperature,windSpeed,Trip Seconds,Trip Miles,Fare,Trip Total
Freezing,2141,0.0005515646893974776,0.02397477814105559,23.029743110695897,18.021531994395154,4.645338626809906,723.2310570626754,2.4814292386735235,11.455221858944428,13.286861279775804
High 90+,51,0.0,0.0,87.18352941176474,93.79254901960786,3.44921568627451,961.1764705882352,2.227647058823529,15.837450980392154,18.65274509803922
Low 33-49,1830,0.0030178688524590182,0.10283060109289625,42.78410928961746,40.985792349726694,3.795890710382513,781.6238381629306,3.2364590163934412,12.327262295081958,14.608508196721301
Mid 50-89,3820,0.0036419371727748674,0.072890052356021,65.20682198952865,65.5871413612564,2.815910994764407,810.3887434554974,3.0874031413612646,12.50922251308899,14.60074607329843
